2.2616857258885416648297450593,24.2058385447434964987678540638,16.1082924449576516678916959791,4.6646656844956204679419897730,0.3609486819785096001211854855,0.0010056316746809680975904833,0.8775925437245518656581566574,4.5167346164437329747443072847,5.4978579748410849603601491253,2.6510605304910894730596737645
24.2058385447434964987678540638,16.1082924449576516678916959791,5.4978579748410849603601491253,4.6646656844956204679419897730,4.5167346164437329747443072847,22.1780927408032297876161464956,38.4495847630266638361717923544,38.4495847630266638361717923544,-2.9628461160795742657114715257,8.2952099654813586937507352559
38.4495847630266638361717923544,38.4495847630266638361717923544,24.2058385447434964987678540638,22.1780927408032297876161464956,16.1082924449576516678916959791,33.4180086208762716637465928216,58.9174931256811547086726932321,33.4180086208762716637465928216,58.9174931256811547086726932321,52.5480996885313658140148618259
58.9174931256811547086726932321,58.9174931256811547086726932321,52.5480996885313658140148618259,38.4495847630266638361717923544,38.4495847630266638361717923544,64.9983844170995013200808898546,55.0245641435866303936563781463,79.5951402755647876574585097842,38.4495847630266638361717923544,55.6937160090508172061163350008
79.5951402755647876574585097842,64.9983844170995013200808898546,58.9174931256811547086726932321,58.9174931256811547086726932321,55.6937160090508172061163350008,72.0505037329515971578075550497,58.9174931256811547086726932321,79.5951402755647876574585097842,64.1059733904293977957422612235,64.1059733904293977957422612235
79.5951402755647876574585097842,79.5951402755647876574585097842,72.0505037329515971578075550497,64.9983844170995013200808898546,64.1059733904293977957422612235,92.3321478545541936000518035144,64.9983844170995013200808898546,75.3664664506908223984282813035,75.6531290692120421681465813890,64.1059733904293977957422612235
92.3321478545541936000518035144,79.5951402755647876574585097842,79.5951402755647876574585097842,75.6531290692120421681465813890,75.3664664506908223984282813035,71.2072415539746970125634106807,88.0526671575632349231455009431,75.3664664506908223984282813035,77.4271329005820234669954515994,79.9279306716127564413909567520
92.3321478545541936000518035144,88.0526671575632349231455009431,79.9279306716127564413909567520,79.5951402755647876574585097842,79.5951402755647876574585097842,79.5951402755647876574585097842,87.3972046340010990661539835855,79.7113754121195938751043286175,90.0715044330881227097052033059,86.1127950289929202654093387537
92.3321478545541936000518035144,90.0715044330881227097052033059,88.0526671575632349231455009431,87.3972046340010990661539835855,86.1127950289929202654093387537,101.1998751743225994914610055275,90.0715044330881227097052033059,82.9277757329766558314076974057,86.9715500292180792030194425024,91.1666698616404289623460499570
101.1998751743225994914610055275,92.3321478545541936000518035144,91.1666698616404289623460499570,90.0715044330881227097052033059,90.0715044330881227097052033059,95.6196533679108711112348828465,91.7579916231710512874997220933,90.0715044330881227097052033059,93.8985543952463643790906644426,91.1666698616404289623460499570
101.1998751743225994914610055275,95.6196533679108711112348828465,93.8985543952463643790906644426,92.3321478545541936000518035144,91.7579916231710512874997220933,92.0431239037854709295061184093,93.7280285267944179850019281730,96.1476042113526858656769036315,95.0559617561656438056161277927,98.0590999547981283512854133733
101.1998751743225994914610055275,98.0590999547981283512854133733,96.1476042113526858656769036315,95.6196533679108711112348828465,95.0559617561656438056161277927,95.4112777428209568597594625317,98.5684982944872700727501069196,95.5511717244829412720719119534,98.5684982944872700727501069196,96.8983687917584290971717564389
101.1998751743225994914610055275,98.5684982944872700727501069196,98.5684982944872700727501069196,98.0590999547981283512854133733,96.8983687917584290971717564389,98.5684982944872700727501069196,103.0030545591792332515979069285,97.5193273387100987292797071859,101.0872301773876529296103399247,96.3558511390631622361979680136
103.0030545591792332515979069285,101.1998751743225994914610055275,101.0872301773876529296103399247,98.5684982944872700727501069196,98.5684982944872700727501069196,99.8186401749742628908279584721,100.1469030990654260904193506576,100.7682675719819656023901188746,93.5669942096324120939243584871,102.0605835696335503826048807241
103.0030545591792332515979069285,102.0605835696335503826048807241,101.1998751743225994914610055275,101.0872301773876529296103399247,100.7682675719819656023901188746,107.9898259045345980666752438992,101.4132487539787632613297319040,102.1915787492399800839848467149,115.1463474869315319892848492600,104.0578182610045701039780396968
115.1463474869315319892848492600,107.9898259045345980666752438992,104.0578182610045701039780396968,103.0030545591792332515979069285,102.1915787492399800839848467149,103.1447401060106301429186714813,111.5539521065608568051175097935,104.0578182610045701039780396968,102.6236741281892221877569681965,95.4603134126314927243583952077
115.1463474869315319892848492600,111.5539521065608568051175097935,107.9898259045345980666752438992,104.0578182610045701039780396968,104.0578182610045701039780396968,109.7666829584931491581301088445,106.0220072048773118922326830216,113.3493459338323106067036860622,109.7666829584931491581301088445,113.3493459338323106067036860622
115.1463474869315319892848492600,113.3493459338323106067036860622,113.3493459338323106067036860622,111.5539521065608568051175097935,109.7666829584931491581301088445,84.0681764477409956271003466100,113.3493459338323106067036860622,136.4882952740525752233224920928,114.2482182254207998539641266689,114.4088734556660398311578319408
136.4882952740525752233224920928,115.1463474869315319892848492600,114.4088734556660398311578319408,114.2482182254207998539641266689,113.3493459338323106067036860622,127.3369635221563243021591915749,84.9383705733834375450896914117,114.2173643306873174196880427189,113.8789350547301069127570372075,113.8789350547301069127570372075
136.4882952740525752233224920928,127.3369635221563243021591915749,115.1463474869315319892848492600,114.4088734556660398311578319408,114.2482182254207998539641266689,120.7374751283388576439392636530,111.9099667314857526889682048932,114.4088734556660398311578319408,130.5189241157012247640523128211,114.7782570213788488899808726273
136.4882952740525752233224920928,130.5189241157012247640523128211,127.3369635221563243021591915749,120.7374751283388576439392636530,115.1463474869315319892848492600,127.6797267881036077596945688128,126.5068122354007442709189490415,115.1463474869315319892848492600,110.2808924684662201798346359283,112.6317418702021484477882040665
136.4882952740525752233224920928,130.5189241157012247640523128211,127.6797267881036077596945688128,127.3369635221563243021591915749,126.5068122354007442709189490415,126.5608409157253220200800569728,103.5033216902563850680962787010,130.5189241157012247640523128211,127.6703126246645325636563939042,127.5094477097312477553714415990
136.4882952740525752233224920928,130.5189241157012247640523128211,130.5189241157012247640523128211,127.6797267881036077596945688128,127.6703126246645325636563939042,133.5155787432217380228394176811,127.6703126246645325636563939042,128.9865637130848483593581477180,127.6703126246645325636563939042,157.9554559959543098557332996279
157.9554559959543098557332996279,136.4882952740525752233224920928,133.5155787432217380228394176811,130.5189241157012247640523128211,130.5189241157012247640523128211,147.4850860206211962122324621305,156.6297146960894224321236833930,133.3307252164663339044636813924,151.6532053230465066917531657964,140.7621069919582623697351664305
157.9554559959543098557332996279,156.6297146960894224321236833930,151.6532053230465066917531657964,147.4850860206211962122324621305,140.7621069919582623697351664305,153.4536991383868951288604876027,156.6297146960894224321236833930,148.2412402630958752070000628009,152.0096553234027112466719700024,150.1036738391656228941428707913
157.9554559959543098557332996279,156.6297146960894224321236833930,156.6297146960894224321236833930,153.4536991383868951288604876027,152.0096553234027112466719700024,155.0905402422368979387101717293,154.3079613274397843269980512559,156.6297146960894224321236833930,157.8638528122293394062580773607,156.6297146960894224321236833930
157.9554559959543098557332996279,157.8638528122293394062580773607,156.6297146960894224321236833930,156.6297146960894224321236833930,156.6297146960894224321236833930,153.8364191635572524319286458194,178.6059200027155497991770971566,156.6297146960894224321236833930,117.6338530773317216926443506964,156.6297146960894224321236833930
178.6059200027155497991770971566,157.9554559959543098557332996279,157.8638528122293394062580773607,156.6297146960894224321236833930,156.6297146960894224321236833930,193.1999169608187116864428389817,157.8638528122293394062580773607,158.0792747266881121959158917889,157.9554559959543098557332996279,156.6297146960894224321236833930
193.1999169608187116864428389817,178.6059200027155497991770971566,158.0792747266881121959158917889,157.9554559959543098557332996279,157.9554559959543098557332996279,158.0632931400562881663063308224,158.0632931400562881663063308224,171.8681656364000502890121424571,168.0790087020924374883179552853,174.6216640499798131713760085404
193.1999169608187116864428389817,178.6059200027155497991770971566,174.6216640499798131713760085404,171.8681656364000502890121424571,168.0790087020924374883179552853,180.1999575039738203940942185000,180.1999575039738203940942185000,175.0796321436088760492566507310,180.1999575039738203940942185000,171.2220640664928623664309270680
193.1999169608187116864428389817,180.1999575039738203940942185000,180.1999575039738203940942185000,180.1999575039738203940942185000,178.6059200027155497991770971566,186.5924303706917157796851824969,178.6059200027155497991770971566,180.1999575039738203940942185000,186.6063198200497197376535041258,180.1999575039738203940942185000
193.1999169608187116864428389817,186.6063198200497197376535041258,186.5924303706917157796851824969,180.1999575039738203940942185000,180.1999575039738203940942185000,189.8778243668710388192266691476,186.5924303706917157796851824969,189.8778243668710388192266691476,210.2359852953425445321045117453,208.3821554859286493410763796419
210.2359852953425445321045117453,208.3821554859286493410763796419,193.1999169608187116864428389817,189.8778243668710388192266691476,189.8778243668710388192266691476,209.3098581683046575108164688572,189.8778243668710388192266691476,199.0182284750231929137953557074,199.0182284750231929137953557074,184.5945809694683816815086174756
210.2359852953425445321045117453,209.3098581683046575108164688572,208.3821554859286493410763796419,199.0182284750231929137953557074,199.0182284750231929137953557074,210.3903325305730334093823330477,199.0182284750231929137953557074,204.5663115171101082978566410020,209.7731344443889724971086252481,190.5990226154380877687799511477
210.3903325305730334093823330477,210.2359852953425445321045117453,209.7731344443889724971086252481,209.3098581683046575108164688572,208.3821554859286493410763796419,209.0780704428688636653532739729,210.3903325305730334093823330477,210.3132163344710363617195980623,208.8461882001231231242854846641,209.0780704428688636653532739729
210.3903325305730334093823330477,210.3903325305730334093823330477,210.3132163344710363617195980623,210.2359852953425445321045117453,209.7731344443889724971086252481,210.0430985697825860825105337426,210.0046150614014663915440905839,210.0046150614014663915440905839,210.3517888164147109364421339706,210.3517888164147109364421339706
210.3903325305730334093823330477,210.3903325305730334093823330477,210.3517888164147109364421339706,210.3517888164147109364421339706,210.3132163344710363617195980623,210.3710642730355289131694007665,210.3517888164147109364421339706,210.3903325305730334093823330477,183.8416477764524188387440517545,210.3325061678507381657254882157
210.3903325305730334093823330477,210.3903325305730334093823330477,210.3903325305730334093823330477,210.3710642730355289131694007665,210.3517888164147109364421339706,210.3903325305730334093823330477,210.3903325305730334093823330477,225.0528526531434465596248628572,213.6222143471910612788633443415,210.3806993021339621918741613626
225.0528526531434465596248628572,213.6222143471910612788633443415,210.3903325305730334093823330477,210.3903325305730334093823330477,210.3903325305730334093823330477,225.0528526531434465596248628572,210.3903325305730334093823330477,265.6102020299273931414063554257,220.8455398409468557474610861391,221.7138921856874276272719725966
265.6102020299273931414063554257,225.0528526531434465596248628572,225.0528526531434465596248628572,221.7138921856874276272719725966,220.8455398409468557474610861391,217.0946121435256941367697436363,272.5943885823103869370243046433,221.7138921856874276272719725966,221.3312045271210308783338405192,225.0528526531434465596248628572
272.5943885823103869370243046433,265.6102020299273931414063554257,225.0528526531434465596248628572,225.0528526531434465596248628572,225.0528526531434465596248628572,249.5715609987365439792483812198,246.4207480582474261154857231304,225.0528526531434465596248628572,225.0528526531434465596248628572,225.0528526531434465596248628572
272.5943885823103869370243046433,265.6102020299273931414063554257,249.5715609987365439792483812198,246.4207480582474261154857231304,225.0528526531434465596248628572,247.0443085260834550354047678411,258.1654236392903953856148291379,256.3464526696301959418633487076,256.3464526696301959418633487076,272.5943885823103869370243046433
272.5943885823103869370243046433,272.5943885823103869370243046433,265.6102020299273931414063554257,258.1654236392903953856148291379,256.3464526696301959418633487076,263.9611942460778664099052548409,318.7307660978956391772953793406,256.3464526696301959418633487076,279.1638637179327133708284236491,272.5943885823103869370243046433
318.7307660978956391772953793406,279.1638637179327133708284236491,272.5943885823103869370243046433,272.5943885823103869370243046433,272.5943885823103869370243046433,272.5943885823103869370243046433,273.4387104952381264411087613553,276.0188812848411430422856938094,298.4617864883423976607446093112,301.7652883600177347034332342446
318.7307660978956391772953793406,301.7652883600177347034332342446,298.4617864883423976607446093112,279.1638637179327133708284236491,276.0188812848411430422856938094,327.3573919199238844157662242651,279.1638637179327133708284236491,298.4617864883423976607446093112,301.6237516497340607202204409987,251.2640667762692316955508431420
327.3573919199238844157662242651,318.7307660978956391772953793406,301.7652883600177347034332342446,301.6237516497340607202204409987,298.4617864883423976607446093112,323.3881175516032158157031517476,316.2455745704460241540800780058,311.1804473774718644563108682632,315.2597210233711848559323698282,301.6945795367417986199143342674
327.3573919199238844157662242651,323.3881175516032158157031517476,318.7307660978956391772953793406,316.2455745704460241540800780058,315.2597210233711848559323698282,321.2669314000318081525620073080,315.7606297081943012017291039228,315.7606297081943012017291039228,317.7417924739550016965949907899,329.0724977714988312982313800603
329.0724977714988312982313800603,327.3573919199238844157662242651,323.3881175516032158157031517476,321.2669314000318081525620073080,318.7307660978956391772953793406,291.7289810057618524297140538692,321.1075855136466543626738712192,323.2044799199264275557652581483,318.7307660978956391772953793406,318.5249042300266637539607472718
329.0724977714988312982313800603,327.3573919199238844157662242651,323.3881175516032158157031517476,323.2044799199264275557652581483,321.2669314000318081525620073080,324.3349327903728749333822634071,320.1829357763720054208533838391,324.3349327903728749333822634071,326.3993456728697424296115059406,290.8151099429403529939008876681
329.0724977714988312982313800603,327.3573919199238844157662242651,326.3993456728697424296115059406,324.3349327903728749333822634071,324.3349327903728749333822634071,325.8487043010254637920297682285,325.3993207131035205748048610985,327.3573919199238844157662242651,325.8487043010254637920297682285,329.9357951655975398352893535048
329.9357951655975398352893535048,329.0724977714988312982313800603,327.3573919199238844157662242651,327.3573919199238844157662242651,326.3993456728697424296115059406,328.3958247913342347601428627968,329.6017322625039014383219182491,329.1273666606235792642110027373,329.1273666606235792642110027373,329.4472504993161692254943773150
329.9357951655975398352893535048,329.6017322625039014383219182491,329.4472504993161692254943773150,329.1273666606235792642110027373,329.1273666606235792642110027373,306.6484971321543753219884820282,335.0857386409420541895087808371,329.6810419961743150452093686908,329.7400077094359289731073658913,329.6389284216602959531883243471
335.0857386409420541895087808371,329.9357951655975398352893535048,329.7400077094359289731073658913,329.6810419961743150452093686908,329.6389284216602959531883243471,329.7965284764795796945691108704,328.4388829084060716922977007926,333.0702207398166478924395050853,334.3629667666776867918088100851,335.0857386409420541895087808371
335.0857386409420541895087808371,335.0857386409420541895087808371,334.3629667666776867918088100851,333.0702207398166478924395050853,329.9357951655975398352893535048,331.6240144231609860980825033039,332.5112095320189951053180266172,334.2690946351368097566592041403,335.0857386409420541895087808371,331.6703939899748547759372740984
335.0857386409420541895087808371,335.0857386409420541895087808371,335.0857386409420541895087808371,334.3629667666776867918088100851,334.2690946351368097566592041403,334.7301170026777299426612444222,335.0857386409420541895087808371,334.0812221908315677865175530314,334.3395585395174975928966887295,334.8088284153423046518582850695
335.0857386409420541895087808371,335.0857386409420541895087808371,335.0857386409420541895087808371,335.0857386409420541895087808371,334.8088284153423046518582850695,334.9705125711396362930827308446,335.0857386409420541895087808371,335.0857386409420541895087808371,300.7201680664314267232839483768,335.0857386409420541895087808371
335.0857386409420541895087808371,335.0857386409420541895087808371,335.0857386409420541895087808371,335.0857386409420541895087808371,335.0857386409420541895087808371,335.0857386409420541895087808371,335.0857386409420541895087808371,297.9626093351041618007002398372,335.0857386409420541895087808371,335.0857386409420541895087808371
335.0857386409420541895087808371,335.0857386409420541895087808371,335.0857386409420541895087808371,335.0857386409420541895087808371,335.0857386409420541895087808371,311.3989548042559931673167739064,326.5124819542404566163895651698,335.0857386409420541895087808371,335.0857386409420541895087808371,335.0857386409420541895087808371
335.0857386409420541895087808371,335.0857386409420541895087808371,335.0857386409420541895087808371,335.0857386409420541895087808371,335.0857386409420541895087808371,335.0857386409420541895087808371,201.3341685466171782081801211461,335.0857386409420541895087808371,335.0857386409420541895087808371,339.7584353102702721116656903177
339.7584353102702721116656903177,335.0857386409420541895087808371,335.0857386409420541895087808371,335.0857386409420541895087808371,335.0857386409420541895087808371,335.0857386409420541895087808371,335.0857386409420541895087808371,335.0857386409420541895087808371,335.0857386409420541895087808371,335.0857386409420541895087808371
339.7584353102702721116656903177,335.0857386409420541895087808371,335.0857386409420541895087808371,335.0857386409420541895087808371,335.0857386409420541895087808371,338.8826403014058428198040928692,338.6285689835971197680919431150,335.0857386409420541895087808371,284.6177608095372875141038093716,335.0857386409420541895087808371
339.7584353102702721116656903177,338.8826403014058428198040928692,338.6285689835971197680919431150,335.0857386409420541895087808371,335.0857386409420541895087808371,335.9454790187832031733705662191,338.6285689835971197680919431150,337.6425864930022839871526230127,338.9610683075147221643419470638,333.2817914942283437085279729217
339.7584353102702721116656903177,338.9610683075147221643419470638,338.8826403014058428198040928692,338.6285689835971197680919431150,338.6285689835971197680919431150,339.7391857498118383773544337600,339.5978298897691729507641866803,320.0628050563416877594136167318,339.5978298897691729507641866803,341.6537945984858311021525878459
341.6537945984858311021525878459,339.7584353102702721116656903177,339.7391857498118383773544337600,339.5978298897691729507641866803,339.5978298897691729507641866803,341.1607333738458009975147433579,344.2833891660662857248098589480,339.7824830692711657320614904165,340.8981578044034108643245417625,340.6564623176385566694079898298
344.2833891660662857248098589480,341.6537945984858311021525878459,341.1607333738458009975147433579,340.8981578044034108643245417625,340.6564623176385566694079898298,341.1607333738458009975147433579,344.1487160285664117509440984577,341.1031779169761080083844717592,343.1581542549996015623037237674,341.1607333738458009975147433579
344.2833891660662857248098589480,344.1487160285664117509440984577,343.1581542549996015623037237674,341.6537945984858311021525878459,341.1607333738458009975147433579,340.3856692928463303360331337899,343.1581542549996015623037237674,342.9540906800930315512232482433,341.5210876795254648641275707632,334.2589244162870727450354024768
344.2833891660662857248098589480,344.1487160285664117509440984577,343.1581542549996015623037237674,343.1581542549996015623037237674,342.9540906800930315512232482433,343.5495868151860463513003196567,343.1903368180052780189726036042,342.9540906800930315512232482433,343.1903368180052780189726036042,343.8169348419420998652640264481
344.2833891660662857248098589480,344.1487160285664117509440984577,343.8169348419420998652640264481,343.5495868151860463513003196567,343.1903368180052780189726036042,344.2054916640298642960260622203,315.0268789384759315908013377339,329.9858426831071369633718859404,344.6044184792461351207748521119,343.8169348419420998652640264481
344.6044184792461351207748521119,344.2833891660662857248098589480,344.2054916640298642960260622203,344.1487160285664117509440984577,343.8169348419420998652640264481,344.4737096209950095726526342332,345.4860133327932203428645152599,344.2054916640298642960260622203,334.1527719417771891130541916937,344.4737096209950095726526342332
345.4860133327932203428645152599,344.6044184792461351207748521119,344.4737096209950095726526342332,344.4737096209950095726526342332,344.2833891660662857248098589480,344.4737096209950095726526342332,345.1984516970381946521229110658,344.7636324163854624202940613031,344.5412271565919581917114555836,344.5412271565919581917114555836
345.4860133327932203428645152599,345.1984516970381946521229110658,344.7636324163854624202940613031,344.6044184792461351207748521119,344.5412271565919581917114555836,345.4860133327932203428645152599,345.4860133327932203428645152599,345.2037126906192270325846038759,345.4860133327932203428645152599,334.2889245723338262905599549413
345.4860133327932203428645152599,345.4860133327932203428645152599,345.4860133327932203428645152599,345.4860133327932203428645152599,345.2037126906192270325846038759,345.4860133327932203428645152599,345.3880408480327446341107133776,345.4860133327932203428645152599,345.3880408480327446341107133776,345.3880408480327446341107133776
345.4860133327932203428645152599,345.4860133327932203428645152599,345.4860133327932203428645152599,345.4860133327932203428645152599,345.4860133327932203428645152599,345.4860133327932203428645152599,345.4860133327932203428645152599,345.4860133327932203428645152599,345.4860133327932203428645152599,345.4860133327932203428645152599
345.4860133327932203428645152599,345.4860133327932203428645152599,345.4860133327932203428645152599,345.4860133327932203428645152599,345.4860133327932203428645152599,345.4860133327932203428645152599,345.4860133327932203428645152599,345.4860133327932203428645152599,345.4860133327932203428645152599,345.4860133327932203428645152599
345.4860133327932203428645152599,345.4860133327932203428645152599,345.4860133327932203428645152599,345.4860133327932203428645152599,345.4860133327932203428645152599,323.2606724792415775482368189842,345.4860133327932203428645152599,234.3757524313632245593908010051,345.4860133327932203428645152599,345.4860133327932203428645152599
345.4860133327932203428645152599,345.4860133327932203428645152599,345.4860133327932203428645152599,345.4860133327932203428645152599,345.4860133327932203428645152599,345.4860133327932203428645152599,345.4860133327932203428645152599,325.5945436686785114943631924689,345.4860133327932203428645152599,345.4860133327932203428645152599
345.4860133327932203428645152599,345.4860133327932203428645152599,345.4860133327932203428645152599,345.4860133327932203428645152599,345.4860133327932203428645152599,345.4860133327932203428645152599,345.4860133327932203428645152599,172.6845376711375763534306315705,345.4860133327932203428645152599,345.4860133327932203428645152599
345.4860133327932203428645152599,345.4860133327932203428645152599,345.4860133327932203428645152599,345.4860133327932203428645152599,345.4860133327932203428645152599,345.4860133327932203428645152599,347.1284980338211880734888836741,345.7204590485895892015832941979,345.7125137128168717026710510254,345.4860133327932203428645152599
347.1284980338211880734888836741,345.7204590485895892015832941979,345.7125137128168717026710510254,345.4860133327932203428645152599,345.4860133327932203428645152599,346.5482878216288895600882824510,321.0224450813968246620788704604,346.2497550688043475020094774663,345.6011243149312122113769873977,343.5438386355941133842861745507
347.1284980338211880734888836741,346.5482878216288895600882824510,346.2497550688043475020094774663,345.7204590485895892015832941979,345.7125137128168717026710510254,346.6431878922203395632095634937,346.4134354253515084565151482821,326.8299283082715191994793713093,347.2315008295811367133865132928,342.7779637360172273474745452404
347.2315008295811367133865132928,347.1284980338211880734888836741,346.6431878922203395632095634937,346.5482878216288895600882824510,346.4134354253515084565151482821,346.5962515943461994538665749133,347.0016006544238393871637526900,340.7511948067676144091819878668,346.9309824166437010717345401645,346.9006865986107186472509056330
347.2315008295811367133865132928,347.1284980338211880734888836741,347.0016006544238393871637526900,346.9309824166437010717345401645,346.9006865986107186472509056330,321.4161925552825209706497844309,347.0016006544238393871637526900,346.9872793464737128488195594400,331.7903680806289798965735826641,347.0437373234078108907851856202
347.2315008295811367133865132928,347.1284980338211880734888836741,347.0437373234078108907851856202,347.0016006544238393871637526900,347.0016006544238393871637526900,344.4524030827584510916494764388,347.1567560510899284054175950587,313.3624749837838976418424863368,347.1567560510899284054175950587,333.9933071460220048720657359809
347.2315008295811367133865132928,347.1567560510899284054175950587,347.1567560510899284054175950587,347.1284980338211880734888836741,347.0437373234078108907851856202,347.1802658252081528189592063427,347.1567560510899284054175950587,347.3351078577917974143929313868,347.2548286548504847814911045134,348.0178537466202897121547721326
348.0178537466202897121547721326,347.3351078577917974143929313868,347.2548286548504847814911045134,347.2315008295811367133865132928,347.1802658252081528189592063427,347.2576197958018724420981016010,347.6055112625068659326643683016,343.3398432942154840930015780032,348.2322577930202101015311200172,347.1802658252081528189592063427
348.2322577930202101015311200172,348.0178537466202897121547721326,347.6055112625068659326643683016,347.3351078577917974143929313868,347.2576197958018724420981016010,327.0328014138125354293151758611,347.6411204269778068010054994375,347.3351078577917974143929313868,347.6055112625068659326643683016,347.4328393597058948216727003455
348.2322577930202101015311200172,348.0178537466202897121547721326,347.6411204269778068010054994375,347.6055112625068659326643683016,347.6055112625068659326643683016,348.2238006035820490069454535842,347.8303309485224872332764789462,329.7083666914537047887279186398,347.6055112625068659326643683016,347.6239049327507473208243027329
348.2322577930202101015311200172,348.2238006035820490069454535842,348.0178537466202897121547721326,347.8303309485224872332764789462,347.6411204269778068010054994375,348.3228529981642509483208414167,348.2238006035820490069454535842,348.1993452197417013849189970642,280.9592198853000013514247257262,334.1925116260986214911099523306
348.3228529981642509483208414167,348.2322577930202101015311200172,348.2238006035820490069454535842,348.2238006035820490069454535842,348.1993452197417013849189970642,342.3156662294304624083451926708,348.3788505214205883930844720453,348.2310531645685500734543893486,348.2733787956929631945968139917,301.3201253538800870046543423086
348.3788505214205883930844720453,348.3228529981642509483208414167,348.2733787956929631945968139917,348.2322577930202101015311200172,348.2310531645685500734543893486,346.0021012185677591332932934165,348.2310531645685500734543893486,348.2814649299504026203067041934,348.4582757990316963514487724751,348.3788505214205883930844720453
348.4582757990316963514487724751,348.3788505214205883930844720453,348.3788505214205883930844720453,348.3228529981642509483208414167,348.2814649299504026203067041934,348.3788505214205883930844720453,348.9957105583962970740685705096,347.9925793986410553770838305354,309.1691149832112728290667291731,348.3788505214205883930844720453
348.9957105583962970740685705096,348.4582757990316963514487724751,348.3788505214205883930844720453,348.3788505214205883930844720453,348.3788505214205883930844720453,348.7719621224603656628460157663,340.9123559884810106268560048193,348.3788505214205883930844720453,348.4471418065111834039271343499,348.4582757990316963514487724751
348.9957105583962970740685705096,348.7719621224603656628460157663,348.4582757990316963514487724751,348.4582757990316963514487724751,348.4471418065111834039271343499,348.4582757990316963514487724751,348.4598096828227653531939722598,348.6617993246426294717821292579,348.9055783516295718982291873544,348.6617993246426294717821292579
348.9957105583962970740685705096,348.9055783516295718982291873544,348.7719621224603656628460157663,348.6617993246426294717821292579,348.6617993246426294717821292579,348.8835622365805875233490951359,348.9957105583962970740685705096,348.8835622365805875233490951359,348.8835622365805875233490951359,348.7719621224603656628460157663
348.9957105583962970740685705096,348.9957105583962970740685705096,348.9055783516295718982291873544,348.8835622365805875233490951359,348.8835622365805875233490951359,326.4758586073326114274095743895,348.8978191227896559212240390480,181.5388740195081140882393810898,348.9538738482000894691736903042,348.9400855420227003378386143595
348.9957105583962970740685705096,348.9957105583962970740685705096,348.9538738482000894691736903042,348.9400855420227003378386143595,348.9055783516295718982291873544,349.0338844843207652957062236965,348.9798575255316563925589434803,350.0199813479895851742185186595,348.9538738482000894691736903042,348.9305451122413614939432591200
350.0199813479895851742185186595,349.0338844843207652957062236965,348.9957105583962970740685705096,348.9957105583962970740685705096,348.9798575255316563925589434803,349.0098194930243380440515466034,348.9789987458076438997522927821,349.5466486797856759949354454875,349.5818768689493367674003820866,348.9957105583962970740685705096
350.0199813479895851742185186595,349.5818768689493367674003820866,349.5466486797856759949354454875,349.0338844843207652957062236965,349.0098194930243380440515466034,349.7931377601085500828048679978,349.0338844843207652957062236965,345.1196403933017222698254045099,349.3281460043766628587036393583,344.5680556647940875336644239724
350.0199813479895851742185186595,349.7931377601085500828048679978,349.5818768689493367674003820866,349.5466486797856759949354454875,349.3281460043766628587036393583,349.5909076171011520273168571293,349.6989410966729110441519878805,349.4553873371476697684556711465,151.6991855889168618887197226286,325.3604263701789136575825978070
350.0199813479895851742185186595,349.7931377601085500828048679978,349.6989410966729110441519878805,349.5909076171011520273168571293,349.5818768689493367674003820866,349.5870510227753698018204886466,349.8689964706757109524914994836,349.6462855751391316516674123704,350.1835494344780386200000066310,198.9637283024595149072411004454
350.1835494344780386200000066310,350.0199813479895851742185186595,349.8689964706757109524914994836,349.7931377601085500828048679978,349.6989410966729110441519878805,341.7738444847969958573230542243,349.7489765928783640447363723069,349.2983654903126193858042825013,349.9889561978625351912342011929,349.0496537725308030530868563801
350.1835494344780386200000066310,350.0199813479895851742185186595,349.9889561978625351912342011929,349.8689964706757109524914994836,349.7931377601085500828048679978,343.5534385514130804040178190917,349.8912005937449407610984053463,349.7931377601085500828048679978,350.0076281721285909043217543513,350.0268281681511552960728295147
350.1835494344780386200000066310,350.0268281681511552960728295147,350.0199813479895851742185186595,350.0076281721285909043217543513,349.9889561978625351912342011929,350.0268281681511552960728295147,349.9980786386253726050199475139,350.0265586303528948519669938833,349.9990764677789911729632876813,350.0146002585448741228901781142
350.1835494344780386200000066310,350.0268281681511552960728295147,350.0268281681511552960728295147,350.0265586303528948519669938833,350.0199813479895851742185186595,350.0268281681511552960728295147,351.6615311050624654853891115636,350.4519798543711885940865613520,350.0240670112856378182186745107,350.1059127821633296662184875458
351.6615311050624654853891115636,350.4519798543711885940865613520,350.1835494344780386200000066310,350.1059127821633296662184875458,350.0268281681511552960728295147,350.0669708839548093237681314349,351.1774154942000905066379345953,350.1457577528277624878683127463,349.5834835727334848343161866069,314.5314608234909883321961387992
351.6615311050624654853891115636,351.1774154942000905066379345953,350.4519798543711885940865613520,350.1835494344780386200000066310,350.1457577528277624878683127463,350.7090779521822128117491956800,343.3608417813744608793058432639,351.4969940384564210944517981261,351.1774154942000905066379345953,350.8571753810665541095659136772
351.6615311050624654853891115636,351.4969940384564210944517981261,351.1774154942000905066379345953,351.1774154942000905066379345953,350.8571753810665541095659136772,351.1774154942000905066379345953,351.4969940384564210944517981261,351.1774154942000905066379345953,347.9969355095632295160612557083,351.4969940384564210944517981261
351.6615311050624654853891115636,351.4969940384564210944517981261,351.4969940384564210944517981261,351.4969940384564210944517981261,351.1774154942000905066379345953,347.3056203995128043970908038318,352.1272927441343085774860810488,351.1774154942000905066379345953,351.3546589906484314269619062543,294.3653637345660740720632020384
352.1272927441343085774860810488,351.6615311050624654853891115636,351.4969940384564210944517981261,351.4969940384564210944517981261,351.4969940384564210944517981261,351.9095483559991066613292787224,352.0085753581407743695308454335,351.6006604117016536292794626206,351.6006604117016536292794626206,351.4969940384564210944517981261
352.1272927441343085774860810488,352.0085753581407743695308454335,351.9095483559991066613292787224,351.6615311050624654853891115636,351.6006604117016536292794626206,352.1200590934592469238850753754,351.8731550843652371440839488059,321.4327922500687577667122241110,351.9663091811877961845311801881,351.7976769122896598673833068460
352.1272927441343085774860810488,352.1200590934592469238850753754,352.0085753581407743695308454335,351.9663091811877961845311801881,351.9095483559991066613292787224,312.8607259444005421755718998611,351.5860748729941178680746816099,352.0467920356496733802487142384,352.0769322944564123645250219852,351.9663091811877961845311801881
352.1272927441343085774860810488,352.1200590934592469238850753754,352.0769322944564123645250219852,352.0467920356496733802487142384,352.0085753581407743695308454335,104.6578038037801832160766934976,352.0638079912500870705116540194,298.5067796533506339073937851936,322.4177014226877986402541864663,352.1319105492927405975933652371
352.1319105492927405975933652371,352.1272927441343085774860810488,352.1200590934592469238850753754,352.0769322944564123645250219852,352.0638079912500870705116540194,352.1116857858249886703561060131,352.1268051669326268893200904131,346.6610415629623958011507056653,352.1116857858249886703561060131,352.1319105492927405975933652371
352.1319105492927405975933652371,352.1319105492927405975933652371,352.1272927441343085774860810488,352.1268051669326268893200904131,352.1200590934592469238850753754,352.1372430497164600637916009873,352.5381079520523712744761724025,352.1295637981973527530499268323,352.1268051669326268893200904131,351.3902219980852237313229124993
352.5381079520523712744761724025,352.1372430497164600637916009873,352.1319105492927405975933652371,352.1319105492927405975933652371,352.1295637981973527530499268323,352.1307887665974476476549170911,294.4395322878845604464004281908,352.3394204435680308051814790815,352.6746862315787893749075010419,255.9194303724815711120754713193
352.6746862315787893749075010419,352.5381079520523712744761724025,352.3394204435680308051814790815,352.1372430497164600637916009873,352.1319105492927405975933652371,350.5370812437602126010460779071,352.3394204435680308051814790815,204.4948330827672293708019424230,352.3470499447815882376744411886,291.3451925671173512455425225198
352.6746862315787893749075010419,352.5381079520523712744761724025,352.3470499447815882376744411886,352.3394204435680308051814790815,352.3394204435680308051814790815,352.3394204435680308051814790815,352.3394204435680308051814790815,336.1947694923950393786071799695,352.6205161513311736598552670330,352.5172370042278657820133958012
352.6746862315787893749075010419,352.6205161513311736598552670330,352.5381079520523712744761724025,352.5172370042278657820133958012,352.3470499447815882376744411886,352.6205161513311736598552670330,352.8046310384669368431787006557,352.4845830727097109047463163733,352.5172370042278657820133958012,352.6511762830628526899090502411
352.8046310384669368431787006557,352.6746862315787893749075010419,352.6511762830628526899090502411,352.6205161513311736598552670330,352.6205161513311736598552670330,352.7410440529539528142777271569,327.5681464695806539566547144204,352.6188769197199803784315008670,352.7280731092142787019838578999,322.7669351680961540296266321093
352.8046310384669368431787006557,352.7410440529539528142777271569,352.7280731092142787019838578999,352.6746862315787893749075010419,352.6511762830628526899090502411,352.7410440529539528142777271569,352.6746862315787893749075010419,353.0257937877418044081423431635,352.6962977716875684564001858234,332.8699749260662770211638417095
353.0257937877418044081423431635,352.8046310384669368431787006557,352.7410440529539528142777271569,352.7410440529539528142777271569,352.7280731092142787019838578999,352.8848544987998252508987206966,352.7410440529539528142777271569,352.9182292896428521089546848089,352.9182292896428521089546848089,352.8561619106579883009544573724
353.0257937877418044081423431635,352.9182292896428521089546848089,352.9182292896428521089546848089,352.8848544987998252508987206966,352.8561619106579883009544573724,352.8878062919718558987369760871,352.8878062919718558987369760871,308.0782341855205004321760497987,352.3600748792995887015422340482,347.5959986161583401553798466921
353.0257937877418044081423431635,352.9182292896428521089546848089,352.9182292896428521089546848089,352.8878062919718558987369760871,352.8878062919718558987369760871,346.7820297410486887201841454953,352.9031707560415043190005235374,352.9727687437047620733210351318,352.9031707560415043190005235374,340.0345179571559697251359466463
353.0257937877418044081423431635,352.9727687437047620733210351318,352.9182292896428521089546848089,352.9182292896428521089546848089,352.9031707560415043190005235374,352.2667141818099025840638205409,352.9182292896428521089546848089,352.9456879454961608644225634634,289.7819558628843310543743427843,352.9107383006975169337238185108
353.0257937877418044081423431635,352.9727687437047620733210351318,352.9456879454961608644225634634,352.9182292896428521089546848089,352.9182292896428521089546848089,352.3979664264016946617630310357,352.9456879454961608644225634634,352.9994709390711591368017252535,352.9727687437047620733210351318,352.9861672132663557022169698030
353.0257937877418044081423431635,352.9994709390711591368017252535,352.9861672132663557022169698030,352.9727687437047620733210351318,352.9727687437047620733210351318,352.9861672132663557022169698030,348.3613738892462379226344637573,107.6479860885430497319248388521,352.9727687437047620733210351318,352.8598823341675938536354806274
353.0257937877418044081423431635,352.9994709390711591368017252535,352.9861672132663557022169698030,352.9861672132663557022169698030,352.9727687437047620733210351318,352.9994709390711591368017252535,328.9419567792083967106009367853,342.6878716684948926740617025644,352.9861672132663557022169698030,334.2345309924087928266089875251
353.0257937877418044081423431635,352.9994709390711591368017252535,352.9994709390711591368017252535,352.9861672132663557022169698030,352.9861672132663557022169698030,262.0005608790632436466694343835,353.0126798281813194080314133316,352.4966537789920835166412871331,352.9928309249503399769309908152,352.9994709390711591368017252535
353.0257937877418044081423431635,353.0126798281813194080314133316,352.9994709390711591368017252535,352.9994709390711591368017252535,352.9994709390711591368017252535,352.9994709390711591368017252535,352.3915338066458389221224933863,330.1355738577283887025259900838,353.0060872440188290966034401208,172.8415311871866890669480198994
353.0257937877418044081423431635,353.0126798281813194080314133316,353.0060872440188290966034401208,352.9994709390711591368017252535,352.9994709390711591368017252535,353.0126798281813194080314133316,353.0126798281813194080314133316,353.0060872440188290966034401208,353.0060872440188290966034401208,353.0060872440188290966034401208
353.0257937877418044081423431635,353.0126798281813194080314133316,353.0126798281813194080314133316,353.0126798281813194080314133316,353.0060872440188290966034401208,353.0093865019259737891843542457,353.0093865019259737891843542457,353.0126798281813194080314133316,353.0192486799548987619346007705,353.0192486799548987619346007705
353.0257937877418044081423431635,353.0192486799548987619346007705,353.0192486799548987619346007705,353.0126798281813194080314133316,353.0126798281813194080314133316,351.4475235408876301335112657398,353.0257937877418044081423431635,353.0159672213414410180121194571,353.0192486799548987619346007705,353.0225242025709349036333151162
353.0257937877418044081423431635,353.0257937877418044081423431635,353.0225242025709349036333151162,353.0192486799548987619346007705,353.0192486799548987619346007705,352.8391099875804570729087572545,309.0431707494612965092528611422,353.0257937877418044081423431635,353.0225242025709349036333151162,353.0192486799548987619346007705
353.0257937877418044081423431635,353.0257937877418044081423431635,353.0257937877418044081423431635,353.0225242025709349036333151162,353.0225242025709349036333151162,178.4985619395744436133099952713,353.0241597374271691478497814387,333.0864737014176171214785426855,351.8082484922898061086016241461,353.0241597374271691478497814387
353.0257937877418044081423431635,353.0257937877418044081423431635,353.0257937877418044081423431635,353.0241597374271691478497814387,353.0241597374271691478497814387,353.0249769481649195768113713712,346.3144235281051237507199402899,353.0249769481649195768113713712,350.0705896130415339939645491540,353.0249769481649195768113713712
353.0257937877418044081423431635,353.0257937877418044081423431635,353.0257937877418044081423431635,353.0249769481649195768113713712,353.0249769481649195768113713712,353.0253854143489888883777894080,304.5249563367718224071722943336,110.5272262543472692186696804129,353.0253854143489888883777894080,353.0253854143489888883777894080
353.0257937877418044081423431635,353.0257937877418044081423431635,353.0257937877418044081423431635,353.0253854143489888883777894080,353.0253854143489888883777894080,353.0255896126445804839022457600,353.0257937877418044081423431635,353.0257937877418044081423431635,353.0255896126445804839022457600,353.0053644498709104482259135693
353.0257937877418044081423431635,353.0257937877418044081423431635,353.0257937877418044081423431635,353.0257937877418044081423431635,353.0257937877418044081423431635,353.0257937877418044081423431635,340.7741161123805113675189204514,353.0257937877418044081423431635,352.3992023161427482591534499079,353.0257937877418044081423431635
353.0257937877418044081423431635,353.0257937877418044081423431635,353.0257937877418044081423431635,353.0257937877418044081423431635,353.0257937877418044081423431635,313.4085494603543793346034362912,353.0257937877418044081423431635,354.8721149921736923715798184276,353.0257937877418044081423431635,353.0257937877418044081423431635
354.8721149921736923715798184276,353.0257937877418044081423431635,353.0257937877418044081423431635,353.0257937877418044081423431635,353.0257937877418044081423431635,353.0257937877418044081423431635,354.2557091446000185896991752088,288.9653761948667920478328596801,353.0257937877418044081423431635,351.3017861811790112369635608047
354.8721149921736923715798184276,354.2557091446000185896991752088,353.0257937877418044081423431635,353.0257937877418044081423431635,353.0257937877418044081423431635,354.2557091446000185896991752088,354.2557091446000185896991752088,332.8379368471703401155536994338,354.2557091446000185896991752088,354.6344248037271427165251225233
354.8721149921736923715798184276,354.6344248037271427165251225233,354.2557091446000185896991752088,354.2557091446000185896991752088,354.2557091446000185896991752088,353.1704143562518538601580075920,354.1822880810023548292519990355,354.7701769495145640576083678752,354.7701769495145640576083678752,354.7701769495145640576083678752
354.8721149921736923715798184276,354.7701769495145640576083678752,354.7701769495145640576083678752,354.7701769495145640576083678752,354.6344248037271427165251225233,354.8252855433451600219996180385,331.1859780900433634087676182389,354.8721149921736923715798184276,354.9579498223267250978096853942,354.7701769495145640576083678752
354.9579498223267250978096853942,354.8721149921736923715798184276,354.8721149921736923715798184276,354.8252855433451600219996180385,354.7701769495145640576083678752,354.8721149921736923715798184276,354.9579498223267250978096853942,279.3229018503325846722873393446,354.7987769107066355900315102190,354.8721149921736923715798184276
354.9579498223267250978096853942,354.9579498223267250978096853942,354.8721149921736923715798184276,354.8721149921736923715798184276,354.8721149921736923715798184276,354.9279007631162130564916878939,354.9579498223267250978096853942,354.8721149921736923715798184276,354.9279007631162130564916878939,353.7240025060642096832452807575
354.9579498223267250978096853942,354.9579498223267250978096853942,354.9579498223267250978096853942,354.9279007631162130564916878939,354.9279007631162130564916878939,354.9579498223267250978096853942,354.9579498223267250978096853942,354.9279007631162130564916878939,354.9461992686205462632642593235,340.5688924609288505962467752397
354.9579498223267250978096853942,354.9579498223267250978096853942,354.9579498223267250978096853942,354.9579498223267250978096853942,354.9579498223267250978096853942,354.9579498223267250978096853942,354.9579498223267250978096853942,354.9579498223267250978096853942,340.4286875132734735416306648403,354.9579498223267250978096853942
354.9579498223267250978096853942,354.9579498223267250978096853942,354.9579498223267250978096853942,354.9579498223267250978096853942,354.9579498223267250978096853942,354.9579498223267250978096853942,354.9579498223267250978096853942,354.9579498223267250978096853942,354.9579498223267250978096853942,354.9579498223267250978096853942
354.9579498223267250978096853942,354.9579498223267250978096853942,354.9579498223267250978096853942,354.9579498223267250978096853942,354.9579498223267250978096853942,354.9579498223267250978096853942,354.9579498223267250978096853942,354.9579498223267250978096853942,353.4680960675316327979089692235,354.9579498223267250978096853942
354.9579498223267250978096853942,354.9579498223267250978096853942,354.9579498223267250978096853942,354.9579498223267250978096853942,354.9579498223267250978096853942,354.1799364953297981628566049039,354.0388393729588187852641567588,355.0510432729495278181275352836,354.9579498223267250978096853942,354.9579498223267250978096853942
355.0510432729495278181275352836,354.9579498223267250978096853942,354.9579498223267250978096853942,354.9579498223267250978096853942,354.9579498223267250978096853942,348.3759342977228925519739277661,355.2725651713729462244373280555,354.9579498223267250978096853942,354.9579498223267250978096853942,352.2604562711790663342981133610
355.2725651713729462244373280555,355.0510432729495278181275352836,354.9579498223267250978096853942,354.9579498223267250978096853942,354.9579498223267250978096853942,354.9579498223267250978096853942,355.2725651713729462244373280555,352.0553164424630949724814854562,355.1884359658217249489098321646,355.1884359658217249489098321646
355.2725651713729462244373280555,355.2725651713729462244373280555,355.1884359658217249489098321646,355.1884359658217249489098321646,355.0510432729495278181275352836,355.2479873699443260193220339715,355.2479873699443260193220339715,355.2725651713729462244373280555,355.2479873699443260193220339715,355.2637075433165705362625885755
355.2725651713729462244373280555,355.2725651713729462244373280555,355.2725651713729462244373280555,355.2637075433165705362625885755,355.2479873699443260193220339715,284.2106863228478914606967009604,353.5817151264379845088114961982,355.2722219656844799828832037747,355.2725651713729462244373280555,355.2725651713730599112750496715
355.2725651713730599112750496715,355.2725651713729462244373280555,355.2725651713729462244373280555,355.2725651713729462244373280555,355.2725651713729462244373280555,355.2725651713730599112750496715,355.5731563036075613126740790904,355.2725651713729462244373280555,355.2725651713729462244373280555,355.2725651713729462244373280555
355.5731563036075613126740790904,355.2725651713730599112750496715,355.2725651713730599112750496715,355.2725651713729462244373280555,355.2725651713729462244373280555,338.8095488351646054070442914963,355.2725651713730599112750496715,355.2725651713730599112750496715,321.4570212374861739590414799750,355.4649395208612645546963904053
355.5731563036075613126740790904,355.4649395208612645546963904053,355.2725651713730599112750496715,355.2725651713730599112750496715,355.2725651713730599112750496715,347.9374284765875700031756423414,355.3791542613882370460487436503,356.3519033424542499233211856335,355.2725651713730599112750496715,325.1942537460470816768065560609
356.3519033424542499233211856335,355.5731563036075613126740790904,355.4649395208612645546963904053,355.3791542613882370460487436503,355.2725651713730599112750496715,356.1413904562680841081601101905,356.3519033424542499233211856335,356.0337573112967106681026052684,355.4246621222832800413016229868,203.3875486278012090224365238100
356.3519033424542499233211856335,356.3519033424542499233211856335,356.1413904562680841081601101905,356.0337573112967106681026052684,355.5731563036075613126740790904,355.6128040555510665399197023362,350.3499229414392743819917086512,356.2913949374667481606593355536,355.9035257971591477144102100283,356.9052463383303575028548948467
356.9052463383303575028548948467,356.3519033424542499233211856335,356.3519033424542499233211856335,356.2913949374667481606593355536,356.1413904562680841081601101905,356.2913949374667481606593355536,356.2913949374667481606593355536,354.3083606785265828875708393753,357.0084123054137421604536939412,356.2913949374667481606593355536
357.0084123054137421604536939412,356.9052463383303575028548948467,356.3519033424542499233211856335,356.3519033424542499233211856335,356.2913949374667481606593355536,356.3519033424542499233211856335,355.8482073418767868133727461100,356.9806944318979731178842484951,356.3328409749665866002032998949,356.3519033424542499233211856335
357.0084123054137421604536939412,356.9806944318979731178842484951,356.9052463383303575028548948467,356.3519033424542499233211856335,356.3519033424542499233211856335,342.3155308762158597346569877118,356.7491924124237812065985053778,357.4147567792963968713593203574,356.7934387873808645963435992599,357.0590799524307499268616084009
357.4147567792963968713593203574,357.0590799524307499268616084009,357.0084123054137421604536939412,356.9806944318979731178842484951,356.9052463383303575028548948467,357.0600394052734145589056424797,357.0590799524307499268616084009,357.0590799524307499268616084009,348.4317508489312444908136967570,356.3608079555273775440582539886
357.4147567792963968713593203574,357.0600394052734145589056424797,357.0590799524307499268616084009,357.0590799524307499268616084009,357.0590799524307499268616084009,340.4615288790612339653307572007,351.8606279486310768334078602493,336.5002405119180366455111652613,357.0663878565779896234744228423,357.4147567792963968713593203574
357.4147567792963968713593203574,357.4147567792963968713593203574,357.0663878565779896234744228423,357.0600394052734145589056424797,357.0590799524307499268616084009,357.0663878565779896234744228423,357.2524143363907569437287747860,134.9786843084777956391917541623,316.6199806016959996668447274715,357.0663878565779896234744228423
357.4147567792963968713593203574,357.4147567792963968713593203574,357.2524143363907569437287747860,357.0663878565779896234744228423,357.0663878565779896234744228423,357.8702504635417653844342567027,357.4147567792963968713593203574,356.7884428713031752522510942072,357.0663878565779896234744228423,349.9596557174384088284568861127
357.8702504635417653844342567027,357.4147567792963968713593203574,357.4147567792963968713593203574,357.4147567792963968713593203574,357.2524143363907569437287747860,357.4147567792963968713593203574,357.4147567792963968713593203574,357.6547298679470827664772514254,351.9040565303573089295241516083,357.8702504635417653844342567027
357.8702504635417653844342567027,357.8702504635417653844342567027,357.6547298679470827664772514254,357.4147567792963968713593203574,357.4147567792963968713593203574,357.3742518157493464059371035546,357.6547298679470827664772514254,342.4581667669765465689124539495,357.4147567792963968713593203574,357.7656244705183326004771515727
357.8702504635417653844342567027,357.8702504635417653844342567027,357.7656244705183326004771515727,357.6547298679470827664772514254,357.6547298679470827664772514254,281.6489512208418659611197654158,330.0135443097381653387856204063,357.7109508706812448508571833372,339.1886256740513090335298329592,357.7656244705183326004771515727
357.8702504635417653844342567027,357.8702504635417653844342567027,357.7656244705183326004771515727,357.7656244705183326004771515727,357.7109508706812448508571833372,357.7923748525915925711160525680,357.8187309819684287504060193896,357.7384823203468044994224328548,334.8826900656193288341455627233,357.7923748525915925711160525680
357.8702504635417653844342567027,357.8702504635417653844342567027,357.8187309819684287504060193896,357.7923748525915925711160525680,357.7923748525915925711160525680,357.8056023547833888187597040087,346.5922564704860064921376761049,357.8317604210538434017507825047,357.8317604210538434017507825047,357.8317604210538434017507825047
357.8702504635417653844342567027,357.8702504635417653844342567027,357.8317604210538434017507825047,357.8317604210538434017507825047,357.8317604210538434017507825047,337.0995723132940042887639719993,348.2712533845599409687565639615,357.8511179146083804880618117750,351.9163944560984305098827462643,357.8511179146083804880618117750
357.8702504635417653844342567027,357.8702504635417653844342567027,357.8511179146083804880618117750,357.8511179146083804880618117750,357.8317604210538434017507825047,358.5519054122751185786910355091,357.8607123738806876644957810640,352.2868311752151271321054082364,337.7354332372385670169023796916,357.8607123738806876644957810640
358.5519054122751185786910355091,357.8702504635417653844342567027,357.8702504635417653844342567027,357.8607123738806876644957810640,357.8607123738806876644957810640,347.8562361000595615223573986441,357.8702504635417653844342567027,351.5805678899286021987791173160,355.4634480687551558730774559081,358.2151888085594464428140781820
358.5519054122751185786910355091,358.2151888085594464428140781820,357.8702504635417653844342567027,357.8702504635417653844342567027,357.8702504635417653844342567027,358.2151888085594464428140781820,358.2151888085594464428140781820,201.0306404832086855094530619681,358.2151888085594464428140781820,357.8702504635417653844342567027
358.5519054122751185786910355091,358.2151888085594464428140781820,358.2151888085594464428140781820,358.2151888085594464428140781820,358.2151888085594464428140781820,358.6045933713296562928007915616,236.1813587628241748461732640862,358.2151888085594464428140781820,348.8237312642875735946290660650,356.4230217125037256664654705673
